LAD17CD,UTLA,RGN17NM,imd_rank_av_score,income_rank_av_score,employment_rank_av_score,education_rank_av_score,health_rank_av_score,crime_rank_av_score,barriers_rank_av_score,living_rank_av_score,idaci_rank_av_score,density_keep,s7525,ACE_rank,logDens,rank_s7525,idaci2,density2,s75252
E06000001,E06000001,North East,307,314,321,278,307,218,21,21,311,9.8,3.46338073345451,308,2.28238238567653,303,-1.58526872267036,0.255682009293661,1.49986704064098
E06000002,E06000002,North East,319,323,322,322,319,305,84,72,323,25.7,4.42068282136744,324,3.24649099190117,322,-1.71337124571443,0.943946412486691,1.70269603546076
E06000003,E06000003,North East,276,292,313,254,296,196,18,16,294,5.5,3.11622832651471,268,1.70474809223843,280,-1.40379014835793,-0.156683485288767,1.25433720480652
E06000004,E06000004,North East,237,264,278,215,270,136,73,11,245,9.4,4.65234864804038,286,2.24070968927596,323,-0.880704845927979,0.225932421609866,1.71337124571443
E06000005,E06000005,North East,228,252,271,196,263,248,14,42,229,5.3,3.10648587142044,302.5,1.66770682055808,279,-0.70990148186922,-0.183126760021495,1.24366199455284
E06000006,E06000006,North West,298,291,304,248,312,264,98,196,289,15.9,3.27528911801588,300,2.76631910922619,293,-1.35041409708957,0.601158045983543,1.39311493810426
E06000007,E06000007,North West,178,158,193,153,243,174,53,185,141,11.2,3.89798403463672,242,2.41591377830105,311,0.229517020453958,0.351008307242749,1.58526872267036
E06000008,E06000008,North West,310,303,305,304,315,289,15,276,263,10.8,2.9467087493551,269,2.37954613413017,257,-1.07285863049408,0.325045926293968,1.00880736897205
E06000009,E06000009,North West,324,322,323,308,324,316,1,304,316,40.7,2.54247416519849,323,3.70622809244855,188,-1.63864477393873,1.27214665786465,0.272217861468648
E06000010,E06000010,Yorkshire & TH,322,321,319,324,293,314,207,295,319,35.9,2.89247993240389,315,3.58073729549423,250,-1.67067040469974,1.18256043499065,0.934080897196342
E06000011,E06000011,Yorkshire & TH,130,127,158,147,115,62,174,142,106,1.4,2.81652612662427,75,0.336472236621213,236,0.603149379332495,-1.13347755090504,0.784627953644927
E06000012,E06000012,Yorkshire & TH,294,293,288,312,223,297,55,259,304,8.3,3.93558146101408,288,2.11625551480255,313,-1.51054225089466,0.137086229836674,1.60661914317771
E06000013,E06000013,Yorkshire & TH,198,216,232,229,212,201,50,120,217,2,2.52235698769008,124,0.693147180559945,183,-0.58179895882515,-0.878852018222369,0.218841810200286
E06000014,E06000014,Yorkshire & TH,67,68,63,71,103,99,76,189,87,7.3,3.01708933059173,169,1.98787434815435,270,0.805978374152272,0.0454366102047507,1.14758510226979
E06000015,E06000015,East Midlands,270,268,261,268,255,262,97,271,274,31.9,3.99494480552976,265.5,3.4626060097908,315,-1.19028594328448,1.09822807001833,1.62796956368505
E06000016,E06000016,East Midlands,304,308,274,317,273,295,75,293,297,45,2.00082241673031,253.5,3.80666248977032,70,-1.43581577911895,1.34384544790389,-0.987456948464704
E06000017,E06000017,East Midlands,26,12,22,28,48,54,278,114,10,1,1.59067882472138,21,0,18,1.62796956368505,-1.37368063760497,-1.54256788165567
E06000018,E06000018,East Midlands,317,311,284,319,306,306,264,285,321,41,1.87491256814894,320,3.71357206670431,49,-1.69202082520709,1.27738942411066,-1.21163636379183
E06000019,E06000019,West Midlands,182,133,135,162,135,70,314,288,116,0.8,1.61429708926834,175.5,-0.22314355131421,21,0.49639727679577,-1.53297987233855,-1.51054225089466
E06000020,E06000020,West Midlands,239,262,251,243,256,203,236,27,268,5.7,3.17039030955585,212.5,1.7404661748405,286,-1.12623468176245,-0.131184817766665,1.31838846632855
E06000021,E06000021,West Midlands,311,296,306,320,311,288,59,229,299,26.6,2.79915379373012,319,3.28091121578765,233,-1.45716619962629,0.968518555809596,0.75260232288391
E06000022,E06000022,South West,63,89,74,73,99,109,78,134,82,5.1,3.14185022026432,155,1.62924053973028,285,0.859354425420634,-0.21058732996773,1.30771325607488
E06000023,E06000023,South West,263,248,233,251,239,292,147,283,269,39.1,2.84452003322391,279.5,3.66612246699132,241,-1.13690989201612,1.24351578143456,0.838004004913289
E06000024,E06000024,South West,129,144,174,111,156,115,99,62,133,5.4,2.72843983462682,121,1.68639895357023,222,0.314918702483338,-0.169782693088629,0.635175010093512
E06000025,E06000025,South West,54,71,67,133,46,130,85,51,91,5.3,2.97955674436378,56.5,1.66770682055808,266,0.763277533137582,-0.183126760021495,1.1048842612551
E06000026,E06000026,South West,256,238,259,210,289,242,131,248,244,32.1,2.95382500404335,251.5,3.46885603013597,258,-0.870029635674307,1.10268987701293,1.01948257922572
E06000027,E06000027,South West,279,284,302,214,275,258,49,260,266,20.8,2.21458080194411,317,3.03495298670727,113,-1.1048842612551,0.79293222388033,-0.528422907556788
E06000028,E06000028,South West,204,199,202,189,201,261,118,270,192,39.7,2.62362661510064,298,3.68135118769315,203,-0.314918702483338,1.2543873640525,0.432346015273735
E06000029,E06000029,South West,119,137,119,175,158,144,148,100,151,22.8,2.7384984664622,166,3.1267605359604,224,0.122764917917233,0.858472420998529,0.656525430600857
E06000030,E06000030,South West,157,167,151,232,169,215,63,92,171,9.1,2.84634642005125,239,2.2082744135228,242,-0.0907392871562161,0.202777306548645,0.848679215166962
E06000031,E06000031,East of England,267,270,260,294,260,254,256,151,276,5.3,2.84703973197927,275,1.66770682055808,244,-1.21163636379183,-0.183126760021495,0.870029635674307
E06000032,E06000032,East of England,266,267,222,224,240,301,310,223,259,46.9,2.08506508335236,180.5,3.84801767545223,88,-1.03015778947939,1.37336836887828,-0.795303163898599
E06000033,E06000033,East of England,235,253,250,242,205,284,54,231,249,41.6,2.95895589558956,222,3.72810016726722,259,-0.923405686942669,1.28776084326293,1.03015778947939
E06000034,E06000034,East of England,200,221,182,273,134,287,192,140,230,9.7,2.27669471377478,249,2.27212588550934,123,-0.720576692122892,0.248360029258587,-0.421670805020063
E06000035,E06000035,South East,207,223,218,239,185,272,87,201,235,13.7,3.19018117451062,224.5,2.61739583283408,289,-0.773952743391255,0.494843685458396,1.35041409708957
E06000036,E06000036,South East,40,54,39,95,49,74,234,1,64,10.3,2.72670395298133,130,2.33214389523559,221,1.05150820998674,0.291206093880738,0.62449979983984
E06000037,E06000037,South East,36,41,34,74,12,154,184,58,49,2.2,2.25293817066939,109,0.78845736036427,116,1.21163636379183,-0.810811339404947,-0.49639727679577
E06000038,E06000038,South East,179,187,137,180,137,231,222,255,206,38.5,2.26038464916132,255.5,3.65065824129374,118,-0.464371646034753,1.23247607490994,-0.475046856288425
E06000039,E06000039,South East,213,219,161,187,183,309,288,233,200,43.1,1.66491443084329,224.5,3.7635229971097,24,-0.400320384512718,1.31304873373869,-1.47851662013364
E06000040,E06000040,South East,21,27,21,20,11,173,96,74,23,7.4,3.49370142053069,78,2.00148000021012,304,1.48919183038731,0.0551495055484529,1.51054225089466
E06000041,E06000041,South East,2,2,2,8,1,49,100,6,4,8.6,2.53356376205203,1,2.15176220325946,187,1.69202082520709,0.162433985869942,0.261542651214976
E06000042,E06000042,South East,161,196,153,141,181,216,260,4,205,8.1,2.57680474673113,83,2.09186406167839,192,-0.45369643578108,0.119673493533812,0.314918702483338
E06000043,E06000043,South East,223,200,183,169,234,227,254,291,185,33.1,2.62646116546887,316,3.49953328238302,204,-0.240192230707631,1.12458996230737,0.443021225527408
E06000044,E06000044,South East,262,226,180,288,237,259,212,317,261,50.7,1.93033095693503,283,3.92592591059714,59,-1.05150820998674,1.42898602919126,-1.1048842612551
E06000045,E06000045,South East,258,224,178,263,262,307,162,297,275,47.5,2.14939892560839,274,3.8607297110406,103,-1.20096115353815,1.38244332322585,-0.635175010093512
E06000046,E06000046,South East,216,225,266,260,206,113,108,262,214,3.6,1.76449343047512,302.5,1.28093384546206,36,-0.549773328064133,-0.45923887971107,-1.35041409708957
E06000047,E06000047,North East,250,266,293,201,297,159,70,7,262,2.3,2.51241550800266,281,0.832909122935104,180,-1.06218342024041,-0.779077813079009,0.186816179439268
E06000049,E06000049,North West,102,94,116,68,146,92,90,191,88,3.2,3.38546073202134,105,1.16315080980568,299,0.795303163898599,-0.543322633573356,1.45716619962629
E06000050,E06000050,North West,162,160,188,159,199,145,60,138,158,3.6,3.69513457556936,125,1.28093384546206,307,0.0480384461415262,-0.45923887971107,1.54256788165567
E06000051,E06000051,West Midlands,140,118,130,139,139,55,240,264,100,1,1.89215072048689,84,0,54,0.66720064085453,-1.37368063760497,-1.15826031252346
E06000052,E06000052,South West,230,204,223,144,208,107,287,316,177,1.5,1.54666760011201,208,0.405465108108164,13,-0.154790548678251,-1.08422445098253,-1.59594393292404
E06000054,E06000054,South West,92,76,75,126,98,85,266,117,72,1.4,2.18206416698879,98.5,0.336472236621213,106,0.966106527957359,-1.13347755090504,-0.603149379332495
E06000055,E06000055,East of England,177,190,187,171,157,165,249,160,194,3.3,2.66433211530654,191,1.19392246847243,210,-0.336269122990683,-0.521355152782506,0.507072487049443
E06000056,E06000056,East of England,66,92,72,136,60,156,94,36,112,3.6,2.65891605402633,88,1.28093384546206,209,0.53909811781046,-0.45923887971107,0.49639727679577
E06000057,E06000057,North East,189,193,241,195,216,16,224,52,190,0.6,2.94339421125708,257,-0.510825623765991,256,-0.293568281975993,-1.73835230509871,0.998132158718376
E07000004,E10000002,South East,50,46,41,90,39,88,257,38,45,1.9,2.46928481354711,67,0.641853886172395,169,1.25433720480652,-0.915469623771703,0.0693888666488711
E07000005,E10000002,South East,3,6,15,6,2,80,104,5,7,4.7,3.36555555555556,14,1.54756250871601,296,1.65999519444607,-0.26889619777273,1.42514056886528
E07000006,E10000002,South East,24,19,10,23,4,225,197,46,29,4.7,2.60539864312178,53,1.54756250871601,199,1.42514056886528,-0.26889619777273,0.389645174259045
E07000007,E10000002,South East,34,69,51,70,7,97,159,34,67,5.3,4.00545073375262,62,1.66770682055808,317,1.01948257922572,-0.183126760021495,1.6493199841924
E07000008,E10000003,East of England,98,62,31,44,95,153,198,280,124,30.4,2.19494671296851,138,3.41444260841218,111,0.41099559476639,1.06384485375868,-0.549773328064133
E07000009,E10000003,East of England,64,58,52,146,40,39,283,87,46,1.3,2.4651767339423,2,0.262364264467491,166,1.24366199455284,-1.18638225365006,0.0373632358878537
E07000010,E10000003,East of England,245,229,242,318,253,176,243,159,242,1.7,1.95056118091985,135,0.53062825106217,61,-0.848679215166962,-0.994872135972768,-1.08353384074776
E07000011,E10000003,East of England,61,67,78,135,76,81,190,33,81,1.9,2.30280957336108,15,0.641853886172395,131,0.870029635674307,-0.915469623771703,-0.336269122990683
E07000012,E10000003,East of England,11,11,8,12,16,20,232,64,22,1.6,2.45777828597564,7.5,0.470003629245736,165,1.49986704064098,-1.03815125295595,0.0266880256341812
E07000026,E10000006,North West,210,184,230,225,225,101,136,238,167,0.8,2.30852554317141,160,-0.22314355131421,132,-0.0480384461415262,-1.53297987233855,-0.325593912737011
E07000027,E10000006,North West,296,260,301,257,320,164,2,302,250,8.9,2.83044466082441,259,2.18605127673809,240,-0.934080897196342,0.18691250264849,0.827328794659617
E07000028,E10000006,North West,209,175,215,269,254,131,122,213,170,1,2.41754846526656,234,0,156,-0.0800640769025436,-1.37368063760497,-0.0693888666488711
E07000029,E10000006,North West,253,202,267,258,295,116,242,206,181,1,1.84571460877431,195.5,0,48,-0.197491389692941,-1.37368063760497,-1.2223115740455
E07000030,E10000006,North West,125,37,59,116,72,2,284,315,20,0.2,1.56706707770809,96.5,-1.6094379124341,16,1.52121746114833,-2.52263711110374,-1.56391830216302
E07000031,E10000006,North West,68,30,60,41,132,3,143,282,16,0.7,1.82345929192991,126,-0.356674943938732,42,1.56391830216302,-1.62830617028764,-1.28636283556753
E07000032,E10000007,East Midlands,164,169,185,211,184,110,46,194,176,4.6,2.21992978406194,156,1.52605630349505,114,-0.144115338424578,-0.284249193696412,-0.517747697303115
E07000033,E10000007,East Midlands,238,243,276,295,276,186,65,28,252,4.7,1.95800723595574,173.5,1.54756250871601,63,-0.955431317703687,-0.26889619777273,-1.06218342024041
E07000034,E10000007,East Midlands,244,249,277,236,298,180,66,80,231,15.7,2.6836954103952,250,2.75366071235426,214,-0.731251902376565,0.592121383607349,0.549773328064133
E07000035,E10000007,East Midlands,69,40,65,50,64,11,252,252,35,0.9,1.92283575404696,35,-0.105360515657826,57,1.36108930734324,-1.44889611847626,-1.12623468176245
E07000036,E10000007,East Midlands,185,195,207,221,176,199,9,251,202,10.2,3.10211195407013,186.5,2.32238772029023,277,-0.421670805020063,0.284241289414867,1.2223115740455
E07000037,E10000007,East Midlands,133,128,155,104,175,126,45,228,123,1.7,2.28631944821593,144.5,0.53062825106217,125,0.421670805020063,-0.994872135972768,-0.400320384512718
E07000038,E10000007,East Midlands,141,163,211,200,202,31,32,35,143,3.6,2.92753714034978,66,1.28093384546206,254,0.208166599946613,-0.45923887971107,0.976781738211032
E07000039,E10000007,East Midlands,95,98,114,128,144,84,112,118,103,2.8,2.68553068750228,113,1.02961941718116,215,0.635175010093512,-0.638648931522444,0.560448538317805
E07000040,E10000008,South West,78,72,101,79,62,35,157,218,57,1.6,2.00290592081366,89,0.470003629245736,71,1.12623468176245,-1.03815125295595,-0.976781738211032
E07000041,E10000008,South West,165,141,144,148,182,194,166,254,153,25,2.57675837704743,295,3.2188758248682,191,0.101414497409889,0.924232309392587,0.304243492229666
E07000042,E10000008,South West,145,115,118,172,75,34,263,301,84,0.9,1.7716275368086,87,-0.105360515657826,37,0.838004004913289,-1.44889611847626,-1.3397388868359
E07000043,E10000008,South West,191,162,166,197,196,105,269,281,131,0.9,2.09375525298369,205.5,-0.105360515657826,90,0.336269122990683,-1.44889611847626,-0.773952743391255
E07000044,E10000008,South West,101,101,106,21,104,23,210,275,65,0.9,2.01170188593502,72,-0.105360515657826,73,1.04083299973307,-1.44889611847626,-0.955431317703687
E07000045,E10000008,South West,137,142,152,85,153,87,170,258,125,1.8,2.05764740221833,186.5,0.587786664902119,84,0.400320384512718,-0.954067499093667,-0.838004004913289
E07000046,E10000008,South West,218,186,209,220,186,46,286,312,156,0.6,1.36048814430231,170.5,-0.510825623765991,3,0.0693888666488711,-1.73835230509871,-1.70269603546076
E07000047,E10000008,South West,156,120,145,65,149,51,273,310,97,0.5,1.51438450899032,60,-0.693147180559945,11,0.699226271615547,-1.86850925698756,-1.61729435343138
E07000048,E10000009,South West,74,113,133,101,66,69,180,56,114,9.5,1.90964821613145,200,2.2512917986065,56,0.517747697303115,0.233486849727074,-1.13690989201612
E07000049,E10000009,South West,23,34,48,82,23,14,177,22,36,2.5,2.69842676711722,69.5,0.916290731874155,218,1.35041409708957,-0.719552783488786,0.592474169078822
E07000050,E10000009,South West,100,57,62,157,71,8,313,149,60,1.1,1.83528275566048,119.5,0.0953101798043249,44,1.09420905100143,-1.30563995878754,-1.26501241506019
E07000051,E10000009,South West,99,90,86,192,110,75,238,131,98,1.1,1.56394168665806,227,0.0953101798043249,15,0.688551061361875,-1.30563995878754,-1.57459351241669
E07000052,E10000009,South West,105,88,99,97,100,29,259,237,76,0.9,1.54554928747819,165,-0.105360515657826,12,0.923405686942669,-1.44889611847626,-1.60661914317771
E07000053,E10000009,South West,225,208,252,206,272,202,124,214,219,15.6,2.30870449379959,301,2.74727091425549,133,-0.603149379332495,0.587559791120174,-0.314918702483338
E07000061,E10000011,South East,196,218,238,208,220,143,82,182,215,22.5,2.26230769230769,291,3.11351530921037,119,-0.560448538317805,0.849016828521289,-0.464371646034753
E07000062,E10000011,South East,305,309,317,289,281,273,161,266,303,30.4,2.40773839748147,321,3.41444260841218,150,-1.49986704064098,1.06384485375868,-0.133440128170906
E07000063,E10000011,South East,114,131,143,165,121,79,216,90,135,3.3,2.0970009120661,167,1.19392246847243,93,0.293568281975993,-0.521355152782506,-0.741927112630237
E07000064,E10000011,South East,170,174,203,193,151,73,206,195,179,1.8,1.83432413152035,214,0.587786664902119,43,-0.176140969185596,-0.954067499093667,-1.27568762531386
E07000065,E10000011,South East,52,48,50,92,35,17,268,103,39,1.8,1.90234295415959,93.5,0.587786664902119,55,1.31838846632855,-0.954067499093667,-1.14758510226979
E07000066,E10000012,East of England,227,234,220,305,148,267,265,19,256,15.9,3.6006814774431,63.5,2.76631910922619,305,-0.998132158718376,0.601158045983543,1.52121746114833
E07000067,E10000012,East of England,123,130,127,204,83,108,258,79,132,2.4,1.93253625031798,28,0.8754687373539,60,0.325593912737011,-0.748695066333512,-1.09420905100143
E07000068,E10000012,East of England,30,47,53,59,22,170,111,24,59,4.8,3.09402684928529,7.5,1.56861591791385,275,1.1048842612551,-0.253866446950915,1.20096115353815
E07000069,E10000012,East of England,138,166,162,272,129,160,48,49,178,19.5,2.28690046979133,9,2.9704144655697,126,-0.165465758931923,0.746859025853757,-0.389645174259045
E07000070,E10000012,East of England,70,82,83,99,51,140,199,97,102,5,2.73706075817899,29.5,1.6094379124341,223,0.645850220347185,-0.224724164106189,0.645850220347185
E07000071,E10000012,East of England,143,146,138,152,171,188,202,109,172,5.3,2.64956581352834,100.5,1.66770682055808,206,-0.101414497409889,-0.183126760021495,0.464371646034753
E07000072,E10000012,East of England,120,122,103,174,85,247,200,122,137,3.7,2.50577333450262,3,1.30833281965018,178,0.272217861468648,-0.439679113834144,0.165465758931923
E07000073,E10000012,East of England,224,230,217,270,241,269,276,10,239,26.8,1.40171351084813,173.5,3.28840188751681,6,-0.816653584405944,0.973866047444768,-1.67067040469974
E07000074,E10000012,East of England,109,110,111,198,88,76,178,145,113,1.7,1.68641393925124,46.5,0.53062825106217,26,0.528422907556788,-0.994872135972768,-1.45716619962629
E07000075,E10000012,East of England,46,64,66,188,31,89,110,26,61,4.9,2.01809672386896,5,1.58923520511658,75,1.08353384074776,-0.239146610088936,-0.934080897196342
E07000076,E10000012,East of England,275,271,298,297,261,238,69,179,282,4.1,2.09506539833532,149,1.41098697371026,91,-1.27568762531386,-0.366395668770709,-0.763277533137582
E07000077,E10000012,East of England,27,15,6,43,6,82,290,82,12,1.2,1.71326890199225,91,0.182321556793955,29,1.60661914317771,-1.24352368571611,-1.42514056886528
E07000078,E10000013,South West,113,129,128,88,141,190,38,188,150,24.8,4.35311312481731,102,3.21084365317094,321,0.133440128170906,0.918498248080543,1.69202082520709
E07000079,E10000013,South West,51,35,27,38,33,77,279,168,32,0.7,1.80269398596092,19,-0.356674943938732,39,1.39311493810426,-1.62830617028764,-1.31838846632855
E07000080,E10000013,South West,144,147,163,203,105,57,191,203,139,1.6,1.49807101655555,71,0.470003629245736,10,0.250867440961303,-1.03815125295595,-1.62796956368505
E07000081,E10000013,South West,205,211,212,235,217,191,173,167,220,30,4.1377254709154,240,3.40119738166216,319,-0.613824589586167,1.05438926128145,1.67067040469974
E07000082,E10000013,South West,43,75,93,49,70,68,74,119,43,2.4,2.12975726700629,23,0.8754687373539,97,1.27568762531386,-0.748695066333512,-0.699226271615547
E07000083,E10000013,South West,62,84,69,91,93,36,215,99,110,2,3.12162656664532,10,0.693147180559945,281,0.560448538317805,-0.878852018222369,1.26501241506019
E07000084,E10000014,South East,56,59,55,118,96,93,179,12,78,2.6,3.17340698362596,147.5,0.955511445027436,288,0.902055266435324,-0.691553634267461,1.3397388868359
E07000085,E10000014,South East,19,25,26,32,30,42,193,32,25,2.2,2.10456705930978,77,0.78845736036427,94,1.46784140987997,-0.810811339404947,-0.731251902376565
E07000086,E10000014,South East,32,44,43,109,58,63,51,93,54,15.7,3.25279392042915,112,2.75366071235426,292,1.15826031252346,0.592121383607349,1.38243972785059
E07000087,E10000014,South East,15,20,32,47,53,13,61,126,26,15,2.14870689655172,103,2.70805020110221,102,1.45716619962629,0.559560641898849,-0.645850220347185
E07000088,E10000014,South East,190,168,164,267,198,241,101,242,193,32.6,2.65519145802651,263.5,3.48431228837266,207,-0.325593912737011,1.11372389567244,0.475046856288425
E07000089,E10000014,South East,1,1,1,5,3,24,106,2,2,4.2,2.29923717059639,43.5,1.43508452528932,130,1.71337124571443,-0.349192744900003,-0.346944333244355
E07000090,E10000014,South East,193,210,205,274,209,187,153,101,232,21.8,4.00357430077741,241,3.08190996979504,316,-0.741927112630237,0.826454194052557,1.63864477393873
E07000091,E10000014,South East,71,70,91,110,73,120,204,85,92,2.3,2.36592531984528,90,0.832909122935104,143,0.75260232288391,-0.779077813079009,-0.208166599946613
E07000092,E10000014,South East,115,124,77,202,173,198,138,41,111,24,2.87770172303335,209,3.17805383034795,249,0.549773328064133,0.895090026547862,0.923405686942669
E07000093,E10000014,South East,42,39,35,76,29,67,239,48,51,1.9,2.58145761031234,162.5,0.641853886172395,193,1.19028594328448,-0.915469623771703,0.325593912737011
E07000094,E10000014,South East,20,18,23,24,26,43,219,60,14,1.8,2.72507291779194,98.5,0.587786664902119,220,1.58526872267036,-0.954067499093667,0.613824589586167
E07000095,E10000015,East of England,148,180,149,212,82,207,250,96,203,18.2,2.34824761648986,162.5,2.90142159408275,140,-0.432346015273735,0.697605925931241,-0.240192230707631
E07000096,E10000015,East of England,65,105,88,107,61,122,167,31,118,6.8,3.09489250992743,146,1.91692261218206,276,0.475046856288425,-0.00521489720757402,1.21163636379183
E07000098,E10000015,East of England,83,111,100,69,102,96,226,47,104,9.9,3.17290793564959,127.5,2.29253475714054,287,0.62449979983984,0.262929653222532,1.32906367658222
E07000099,E10000015,East of England,58,93,84,60,78,66,151,88,99,3.4,2.89471926728045,100.5,1.22377543162212,251,0.677875851108202,-0.500043516590171,0.944756107450014
E07000102,E10000015,East of England,31,61,46,63,43,15,188,17,77,9.8,4.26011887913954,74,2.28238238567653,320,0.912730476688997,0.255682009293661,1.68134561495342
E07000103,E10000015,East of England,128,123,109,62,152,171,245,221,119,42.1,2.58705530311426,185,3.74004774068834,195,0.464371646034753,1.29629005816382,0.346944333244355
E07000105,E10000016,South East,149,159,140,191,91,189,289,95,169,2,2.0958686440678,147.5,0.693147180559945,92,-0.0693888666488711,-0.878852018222369,-0.75260232288391
E07000106,E10000016,South East,142,143,136,161,168,172,223,116,155,4.9,2.43589060794078,219,1.58923520511658,162,0.0800640769025436,-0.239146610088936,-0.00533760512683624
E07000107,E10000016,South East,155,138,125,185,119,291,228,144,160,13.4,2.76006764309668,218,2.59525470695687,227,0.0266880256341812,0.479037428062171,0.688551061361875
E07000108,E10000016,South East,199,217,236,231,177,220,156,158,228,3.5,1.98828436018957,237,1.25276296849537,68,-0.699226271615547,-0.479349696788861,-1.00880736897205
E07000109,E10000016,South East,201,203,204,237,127,313,92,164,209,10.3,2.51146435027999,229,2.33214389523559,179,-0.49639727679577,0.291206093880738,0.176140969185596
E07000110,E10000016,South East,127,121,120,131,117,177,237,136,134,3.9,2.96633677671025,144.5,1.3609765531356,260,0.304243492229666,-0.40209744764502,1.04083299973307
E07000111,E10000016,South East,59,55,44,78,24,221,187,83,70,3.1,2.52803249173052,54,1.1314021114911,184,0.987456948464704,-0.565987610067247,0.229517020453958
E07000112,E10000016,South East,212,237,255,213,191,217,154,181,248,3,2.18646761021396,244,1.09861228866811,108,-0.912730476688997,-0.589395831599928,-0.58179895882515
E07000113,E10000016,South East,248,247,257,287,197,282,176,169,258,3.6,2.29724823930879,246.5,1.28093384546206,129,-1.01948257922572,-0.45923887971107,-0.357619543498028
E07000114,E10000016,South East,297,302,314,279,244,310,107,211,291,13,2.80121338358791,305,2.56494935746154,234,-1.37176451759691,0.457402839231316,0.763277533137582
E07000115,E10000016,South East,53,83,73,80,50,142,116,45,96,5,2.68752425300737,127.5,1.6094379124341,216,0.70990148186922,-0.224724164106189,0.571123748571478
E07000116,E10000016,South East,45,63,56,53,47,123,91,180,53,3.5,2.20862738878757,110,1.25276296849537,112,1.16893552277714,-0.479349696788861,-0.53909811781046
E07000117,E10000017,North West,316,297,311,299,317,308,31,296,285,7.9,2.46769839157382,267,2.06686275947298,167,-1.30771325607488,0.10182539402473,0.0480384461415262
E07000118,E10000017,North West,150,139,175,87,247,155,28,186,117,5.3,2.65831731480112,141.5,1.66770682055808,208,0.485722066542098,-0.183126760021495,0.485722066542098
E07000119,E10000017,North West,108,116,170,31,215,78,16,135,68,4.6,2.26300175576679,105,1.52605630349505,120,1.00880736897205,-0.284249193696412,-0.45369643578108
E07000120,E10000017,North West,299,277,292,275,316,270,3,309,251,11.1,2.49156933706202,271,2.40694510831829,174,-0.944756107450014,0.344605692170894,0.122764917917233
E07000121,E10000017,North West,220,192,197,113,266,214,80,287,196,2.4,2.7772308243086,217,0.8754687373539,231,-0.357619543498028,-0.748695066333512,0.731251902376565
E07000122,E10000017,North West,287,265,273,280,299,237,8,313,212,5.3,3.13012181616833,179,1.66770682055808,283,-0.528422907556788,-0.183126760021495,1.28636283556753
E07000123,E10000017,North West,264,245,240,246,304,256,27,274,234,9.9,3.38024836041559,277,2.29253475714054,298,-0.763277533137582,0.262929653222532,1.44649098937262
E07000124,E10000017,North West,35,9,57,7,113,30,119,216,1,1,2.41386471082048,49,0,152,1.7240464559681,-1.37368063760497,-0.112089707663561
E07000125,E10000017,North West,217,228,248,160,274,210,34,239,201,4.9,2.28016066032869,136,1.58923520511658,124,-0.41099559476639,-0.239146610088936,-0.41099559476639
E07000126,E10000017,North West,96,100,131,77,189,86,13,175,93,9.7,2.85394804071847,111,2.27212588550934,245,0.741927112630237,0.248360029258587,0.880704845927979
E07000127,E10000017,North West,186,197,213,137,242,162,137,71,180,3.2,3.1905531385954,116,1.16315080980568,290,-0.186816179439268,-0.543322633573356,1.36108930734324
E07000128,E10000017,North West,180,181,216,129,251,135,22,161,157,3.8,2.19052723906052,123,1.33500106673234,109,0.0587136563951986,-0.420641004389106,-0.571123748571478
E07000129,E10000018,East Midlands,39,51,61,117,89,183,17,25,37,7.2,2.01463622952093,33.5,1.97408102602201,74,1.3397388868359,0.0355897396715265,-0.944756107450014
E07000130,E10000018,East Midlands,97,103,87,130,101,200,93,128,126,6,2.42216339436723,18,1.79175946922806,157,0.389645174259045,-0.0945672122173314,-0.0587136563951986
E07000131,E10000018,East Midlands,14,13,19,40,45,32,130,40,6,1.4,2.14942765803857,13,0.336472236621213,104,1.67067040469974,-1.13347755090504,-0.62449979983984
E07000132,E10000018,East Midlands,80,95,105,163,69,149,67,70,85,3.5,2.39665811550995,16,1.25276296849537,148,0.827328794659617,-0.479349696788861,-0.154790548678251
E07000133,E10000018,East Midlands,88,60,58,106,57,150,267,171,74,1,2.55702205882353,25.5,0,189,0.944756107450014,-1.37368063760497,0.282893071722321
E07000134,E10000018,East Midlands,111,119,147,194,143,168,62,54,121,3.3,2.37345317983131,25.5,1.19392246847243,145,0.443021225527408,-0.521355152782506,-0.186816179439268
E07000135,E10000018,East Midlands,89,104,107,149,124,128,40,107,108,23.9,2.23530041769305,32,3.17387845893747,115,0.58179895882515,0.892109284032559,-0.507072487049443
E07000136,E10000019,East Midlands,234,201,206,316,228,192,195,250,186,1.8,2.08197279490628,205.5,0.587786664902119,87,-0.250867440961303,-0.954067499093667,-0.805978374152272
E07000137,E10000019,East Midlands,280,255,285,265,286,91,262,261,237,0.8,2.0212706565431,161,-0.22314355131421,76,-0.795303163898599,-1.53297987233855,-0.923405686942669
E07000138,E10000019,East Midlands,282,263,258,250,301,265,203,243,287,26.2,2.48548983964163,272,3.26575941076705,173,-1.32906367658222,0.957701882280834,0.112089707663561
E07000139,E10000019,East Midlands,57,85,104,54,133,1,120,68,62,1.2,2.05677210056772,4,0.182321556793955,83,1.07285863049408,-1.24352368571611,-0.848679215166962
E07000140,E10000019,East Midlands,171,152,156,282,172,72,201,176,149,1.2,1.59564315352697,59,0.182321556793955,19,0.144115338424578,-1.24352368571611,-1.531892671402
E07000141,E10000019,East Midlands,104,117,123,100,107,33,218,146,128,1.4,2.29365182396469,17,0.336472236621213,128,0.3682947537517,-1.13347755090504,-0.3682947537517
E07000142,E10000019,East Midlands,176,178,210,119,203,59,227,187,175,0.8,2.35753127362286,27,-0.22314355131421,142,-0.133440128170906,-1.53297987233855,-0.218841810200286
E07000143,E10000020,East of England,183,150,167,300,162,56,280,147,144,1,1.72857956162824,133,0,32,0.197491389692941,-1.37368063760497,-1.39311493810426
E07000144,E10000020,East of England,47,50,92,114,56,6,205,44,34,2.3,2.33389863172095,108,0.832909122935104,137,1.37176451759691,-0.779077813079009,-0.272217861468648
E07000145,E10000020,East of England,300,290,316,323,280,157,155,253,283,5.6,2.73858544265472,310,1.7227665977411,225,-1.28636283556753,-0.143820312139847,0.66720064085453
E07000146,E10000020,East of England,222,191,219,301,249,37,271,205,187,1,1.6927920767867,210.5,0,28,-0.261542651214976,-1.37368063760497,-1.43581577911895
E07000147,E10000020,East of England,197,156,194,252,161,7,312,269,140,1.1,1.46103877356584,143,0.0953101798043249,8,0.240192230707631,-1.30563995878754,-1.6493199841924
E07000148,E10000020,East of England,278,281,262,307,278,249,58,244,305,34,2.51416676650294,322,3.52636052461616,181,-1.52121746114833,1.1437415762912,0.197491389692941
E07000149,E10000020,East of England,85,77,97,102,81,22,255,165,58,1.4,1.78000408914332,69.5,0.336472236621213,38,1.11555947150877,-1.13347755090504,-1.32906367658222
E07000150,E10000021,East Midlands,251,232,263,309,279,246,140,37,240,7.6,2.48313253012048,294,2.02814824729229,172,-0.827328794659617,0.0741876149934907,0.101414497409889
E07000151,E10000021,East Midlands,94,79,79,142,74,127,244,124,94,1.2,1.88001858736059,43.5,0.182321556793955,51,0.731251902376565,-1.24352368571611,-1.19028594328448
E07000152,E10000021,East Midlands,103,108,115,168,111,138,145,108,101,1.7,2.28809073724008,63.5,0.53062825106217,127,0.656525430600857,-0.994872135972768,-0.378969964005373
E07000153,E10000021,East Midlands,174,173,181,205,195,208,56,137,168,4,2.35370308867486,193,1.38629436111989,141,-0.0587136563951986,-0.384023398839772,-0.229517020453958
E07000154,E10000021,East Midlands,232,209,189,266,227,266,274,183,216,26.3,3.38898002508926,285,3.26956893918372,300,-0.571123748571478,0.960421454313711,1.46784140987997
E07000155,E10000021,East Midlands,10,3,3,25,17,19,209,98,3,1.3,1.97939871858058,20,0.262364264467491,65,1.70269603546076,-1.18638225365006,-1.04083299973307
E07000156,E10000021,East Midlands,202,215,221,256,179,229,196,91,225,4.6,3.25167768553959,238,1.52605630349505,291,-0.66720064085453,-0.284249193696412,1.37176451759691
E07000163,E10000023,Yorkshire & TH,73,45,85,29,94,26,114,286,27,0.5,2.06697400435395,38,-0.693147180559945,86,1.44649098937262,-1.86850925698756,-0.816653584405944
E07000164,E10000023,Yorkshire & TH,76,38,47,75,59,10,295,200,38,0.7,1.95565520677628,39,-0.356674943938732,62,1.32906367658222,-1.62830617028764,-1.07285863049408
E07000165,E10000023,Yorkshire & TH,38,31,42,27,65,9,150,193,15,1.2,2.741216490658,48,0.182321556793955,226,1.57459351241669,-1.24352368571611,0.677875851108202
E07000166,E10000023,Yorkshire & TH,91,23,20,178,116,5,311,148,42,0.4,1.57768393534927,45,-0.916290731874155,17,1.28636283556753,-2.02780849172115,-1.55324309190935
E07000167,E10000023,Yorkshire & TH,126,78,76,145,34,4,297,290,52,0.3,1.67552770448549,68,-1.20397280432594,25,1.17961073303081,-2.2331809244813,-1.46784140987997
E07000168,E10000023,Yorkshire & TH,243,233,270,228,236,124,175,267,218,1.3,2.53097648222848,158.5,0.262364264467491,186,-0.592474169078822,-1.18638225365006,0.250867440961303
E07000169,E10000023,Yorkshire & TH,81,80,98,143,86,40,185,112,80,1.4,2.25434468447771,24,0.336472236621213,117,0.880704845927979,-1.13347755090504,-0.485722066542098
E07000170,E10000024,East Midlands,246,251,275,302,258,222,25,129,260,10.9,2.1847785903721,198,2.3887627892351,107,-1.04083299973307,0.33162557466996,-0.592474169078822
E07000171,E10000024,East Midlands,211,194,239,259,245,195,133,153,189,1.8,2.58409100259185,216,0.587786664902119,194,-0.282893071722321,-0.954067499093667,0.336269122990683
E07000172,E10000024,East Midlands,107,140,157,103,128,151,5,154,142,13.7,2.26680442445606,58,2.61739583283408,121,0.218841810200286,0.494843685458396,-0.443021225527408
E07000173,E10000024,East Midlands,122,148,184,124,167,133,19,121,148,9.5,2.4335640911121,93.5,2.2512917986065,160,0.154790548678251,0.233486849727074,-0.0266880256341812
E07000174,E10000024,East Midlands,269,258,291,303,283,233,117,115,264,13.6,2.68307335581788,289,2.61006979274201,213,-1.08353384074776,0.489613722175023,0.53909811781046
E07000175,E10000024,East Midlands,172,155,200,218,178,125,160,139,162,1.8,2.43114261684489,117.5,0.587786664902119,158,0.00533760512683624,-0.954067499093667,-0.0480384461415262
E07000176,E10000024,East Midlands,8,26,40,3,32,27,44,57,8,2.7,2.8955167650383,37,0.993251773010283,252,1.6493199841924,-0.664611312471226,0.955431317703687
E07000177,E10000025,South East,75,65,49,176,97,61,211,76,79,2.4,2.50167597765363,177.5,0.8754687373539,176,0.891380056181652,-0.748695066333512,0.144115338424578
E07000178,E10000025,South East,159,135,68,154,165,235,230,256,208,33.3,2.51561282277758,261,3.5055573969864,182,-0.485722066542098,1.12889049817593,0.208166599946613
E07000179,E10000025,South East,18,10,4,64,18,60,181,65,17,2,2.67987176551408,33.5,0.693147180559945,212,1.55324309190935,-0.878852018222369,0.528422907556788
E07000180,E10000025,South East,16,22,16,36,19,12,225,30,33,2.1,2.50336878445348,56.5,0.741937344729377,177,1.38243972785059,-0.8440213642826,0.154790548678251
E07000181,E10000025,South East,12,17,7,72,41,18,103,39,31,1.5,2.05643365379393,85,0.405465108108164,82,1.40379014835793,-1.08422445098253,-0.859354425420634
E07000187,E10000027,South West,146,126,142,155,142,137,285,178,107,1.5,1.74180232925468,129,0.405465108108164,33,0.592474169078822,-1.08422445098253,-1.38243972785059
E07000188,E10000027,South West,181,182,195,209,145,83,183,245,184,2,2.3368149882904,141.5,0.693147180559945,139,-0.229517020453958,-0.878852018222369,-0.250867440961303
E07000189,E10000027,South West,139,112,124,164,130,103,272,232,115,1.7,1.92953967805705,96.5,0.53062825106217,58,0.507072487049443,-0.994872135972768,-1.11555947150877
E07000190,E10000027,South West,136,125,150,108,154,94,235,197,120,2.4,1.98260539720386,153,0.8754687373539,66,0.45369643578108,-0.748695066333512,-1.03015778947939
E07000191,E10000027,South West,219,179,198,240,204,64,298,305,165,0.5,1.26531406607308,117.5,-0.693147180559945,1,-0.0266880256341812,-1.86850925698756,-1.7240464559681
E07000192,E10000028,West Midlands,192,212,231,277,229,175,39,59,195,12.4,2.40020537323442,188,2.51769647261099,149,-0.346944333244355,0.423669628697947,-0.144115338424578
E07000193,E10000028,West Midlands,173,153,159,207,192,114,57,279,147,2.9,3.39261206015477,197,1.06471073699243,301,0.165465758931923,-0.61359770168047,1.47851662013364
E07000194,E10000028,West Midlands,79,99,122,83,120,50,165,67,95,3,2.14483851152565,133,1.09861228866811,100,0.720576692122892,-0.589395831599928,-0.66720064085453
E07000195,E10000028,West Midlands,169,157,199,190,231,179,24,102,161,5.9,2.61707757677531,251.5,1.77495235091167,201,0.0160128153805087,-0.10656559204999,0.41099559476639
E07000196,E10000028,West Midlands,72,102,108,120,92,100,79,69,75,2.7,2.14221068742929,93.5,0.993251773010283,99,0.934080897196342,-0.664611312471226,-0.677875851108202
E07000197,E10000028,West Midlands,93,74,113,94,159,53,125,143,73,2.2,2.47546870275174,232,0.78845736036427,171,0.955431317703687,-0.810811339404947,0.0907392871562161
E07000198,E10000028,West Midlands,118,91,148,138,163,98,168,190,71,1.7,2.39659058075701,139,0.53062825106217,147,0.976781738211032,-0.994872135972768,-0.165465758931923
E07000199,E10000028,West Midlands,188,206,196,261,200,184,149,50,204,24.9,2.31052440902092,296,3.21486780347066,134,-0.443021225527408,0.921371035841712,-0.304243492229666
E07000200,E10000029,East of England,116,96,95,177,67,118,294,162,90,1.5,1.7510080392697,41,0.405465108108164,35,0.773952743391255,-1.08422445098253,-1.36108930734324
E07000201,E10000029,East of England,160,106,70,283,147,182,305,133,89,1.6,1.38785521265426,82,0.470003629245736,5,0.784627953644927,-1.03815125295595,-1.68134561495342
E07000202,E10000029,East of England,254,236,235,310,238,255,68,272,233,33.8,2.86829958308517,279.5,3.52046080248897,248,-0.75260232288391,1.13952984256882,0.912730476688997
E07000203,E10000029,East of England,77,52,45,112,38,21,281,204,40,1.1,1.5992465951898,31,0.0953101798043249,20,1.30771325607488,-1.30563995878754,-1.52121746114833
E07000204,E10000029,East of England,121,81,94,186,122,121,299,77,69,1.7,2.12399095899257,36,0.53062825106217,96,0.998132158718376,-0.994872135972768,-0.70990148186922
E07000205,E10000029,East of England,87,66,90,132,84,45,163,202,50,1.4,2.70147725610648,22,0.336472236621213,219,1.20096115353815,-1.13347755090504,0.603149379332495
E07000206,E10000029,East of England,242,242,272,293,224,134,86,215,246,3.1,2.13617259736621,190,1.1314021114911,98,-0.891380056181652,-0.565987610067247,-0.688551061361875
E07000207,E10000030,South East,5,14,5,11,9,95,47,113,13,13.8,2.47409818280445,40,2.62466859216316,170,1.59594393292404,0.500035612308626,0.0800640769025436
E07000208,E10000030,South East,17,16,24,15,15,132,113,111,30,22,2.59638926672437,80,3.09104245335832,197,1.4144653586116,0.832973753476427,0.3682947537517
E07000209,E10000030,South East,25,24,13,55,14,106,158,105,48,5.1,2.85774908851832,76,1.62924053973028,247,1.2223115740455,-0.21058732996773,0.902055266435324
E07000210,E10000030,South East,22,4,18,26,27,28,213,127,11,3.3,2.82308184143223,46.5,1.19392246847243,239,1.61729435343138,-0.521355152782506,0.816653584405944
E07000211,E10000030,South East,37,43,37,56,36,148,182,53,63,10.7,2.77553624895695,105,2.37024374146786,230,1.06218342024041,0.318405071007895,0.720576692122892
E07000212,E10000030,South East,44,36,12,81,37,90,261,152,66,10.3,2.45403043056005,195.5,2.33214389523559,164,1.03015778947939,0.291206093880738,0.0160128153805087
E07000213,E10000030,South East,90,86,64,183,79,193,123,163,136,21.3,2.32028558125097,168,3.05870707271538,136,0.282893071722321,0.809889952215302,-0.282893071722321
E07000214,E10000030,South East,9,7,9,35,20,58,169,8,24,9.1,2.68854770484098,51,2.2082744135228,217,1.47851662013364,0.202777306548645,0.58179895882515
E07000215,E10000030,South East,41,32,38,61,44,211,144,61,47,3.3,1.89192043054704,51,1.19392246847243,53,1.23298678429917,-0.521355152782506,-1.16893552277714
E07000216,E10000030,South East,4,8,14,13,25,25,83,20,5,3.5,3.08078393881453,11,1.25276296849537,274,1.68134561495342,-0.479349696788861,1.19028594328448
E07000217,E10000030,South East,29,42,33,46,52,119,105,106,55,15.6,2.37267441860465,73,2.74727091425549,144,1.14758510226979,0.587559791120174,-0.197491389692941
E07000218,E10000031,West Midlands,135,132,141,219,166,161,115,132,129,2.2,1.88885904838637,175.5,0.78845736036427,52,0.357619543498028,-0.810811339404947,-1.17961073303081
E07000219,E10000031,West Midlands,214,214,225,262,233,268,71,166,221,15.9,2.43572129538764,290,2.76631910922619,161,-0.62449979983984,0.601158045983543,-0.0160128153805087
E07000220,E10000031,West Midlands,86,97,96,98,118,167,141,110,105,2.9,2.66842740718382,131,1.06471073699243,211,0.613824589586167,-0.61359770168047,0.517747697303115
E07000221,E10000031,West Midlands,55,49,36,33,90,65,233,199,41,1.2,1.8440114899463,107,0.182321556793955,47,1.29703804582121,-1.24352368571611,-1.23298678429917
E07000222,E10000031,West Midlands,60,56,54,30,126,111,146,155,56,4.9,3.01332666242154,158.5,1.58923520511658,269,1.13690989201612,-0.239146610088936,1.13690989201612
E07000223,E10000032,South East,166,164,169,255,188,181,72,173,166,14.6,2.15965845704969,122,2.68102152871429,105,-0.0373632358878537,0.540265229587348,-0.613824589586167
E07000224,E10000032,South East,152,151,168,222,193,146,172,75,152,6.8,2.19420081919793,114,1.91692261218206,110,0.112089707663561,-0.00521489720757402,-0.560448538317805
E07000225,E10000032,South East,84,87,71,89,87,47,253,170,83,1.4,1.87600316491466,42,0.336472236621213,50,0.848679215166962,-1.13347755090504,-1.20096115353815
E07000226,E10000032,South East,154,165,132,233,140,236,275,9,183,23.7,1.9777907778451,243,3.16547504814109,64,-0.218841810200286,0.886110200029767,-1.05150820998674
E07000227,E10000032,South East,28,21,30,22,28,41,277,81,21,2.5,3.06007146047343,29.5,0.916290731874155,272,1.51054225089466,-0.719552783488786,1.16893552277714
E07000228,E10000032,South East,6,5,11,37,8,71,134,43,9,4.2,2.41438812408805,6,1.43508452528932,154,1.63864477393873,-0.349192744900003,-0.0907392871562161
E07000229,E10000032,South East,151,149,173,166,210,178,10,235,130,32.2,2.52899575671853,182,3.47196645255036,185,0.346944333244355,1.10491036650229,0.240192230707631
E07000234,E10000034,West Midlands,48,53,81,39,68,112,152,89,44,4.3,2.85667345427619,93.5,1.45861502269952,246,1.26501241506019,-0.332394633512655,0.891380056181652
E07000235,E10000034,West Midlands,132,114,129,57,109,48,291,249,122,1.3,1.83636723387416,79,0.262364264467491,45,0.432346015273735,-1.18638225365006,-1.25433720480652
E07000236,E10000034,West Midlands,194,198,186,245,221,158,293,18,191,15.5,3.72063744116146,212.5,2.7408400239252,308,-0.304243492229666,0.58296886343153,1.55324309190935
E07000237,E10000034,West Midlands,184,177,165,170,190,163,214,240,182,29.7,3.12431230897472,207,3.39114704580865,282,-0.208166599946613,1.04721445922757,1.27568762531386
E07000238,E10000034,West Midlands,131,107,112,140,108,102,303,156,109,1.8,2.05592037759081,133,0.587786664902119,81,0.571123748571478,-0.954067499093667,-0.870029635674307
E07000239,E10000034,West Midlands,206,205,229,230,174,204,231,217,207,5,2.76101190476191,157,1.6094379124341,228,-0.475046856288425,-0.224724164106189,0.699226271615547
E07000240,E10000015,East of England,7,29,25,2,10,44,139,66,18,,2.99690663667042,61,,268,1.54256788165567,,1.12623468176245
E07000241,E10000015,East of England,82,109,82,84,112,104,246,15,138,,2.3352880303553,164,,138,0.261542651214976,,-0.261542651214976
E07000242,E10000015,East of England,13,28,28,17,13,52,95,55,19,,2.81408904874116,55,,235,1.531892671402,,0.773952743391255
E07000243,E10000015,East of England,168,207,190,244,160,205,129,3,224,,1.55017715901364,201,,14,-0.656525430600857,,-1.58526872267036
E08000001,E08000001,North West,274,282,282,223,290,244,81,227,254,19.8,3.64108713029576,223,2.98568193770049,306,-0.976781738211032,0.757758272605129,1.531892671402
E08000002,E08000002,North West,203,222,253,125,250,206,29,212,188,18.6,2.93774101887558,235,2.92316158071916,255,-0.272217861468648,0.713125815320388,0.987456948464704
E08000003,E08000003,North West,320,318,290,286,323,315,270,292,320,43.5,2.06325527609136,318,3.77276093809464,85,-1.68134561495342,1.31964357782335,-0.827328794659617
E08000004,E08000004,North West,291,295,297,291,294,274,12,198,278,15.8,3.72714016126265,226,2.76000994003292,309,-1.23298678429917,0.596654013407326,1.56391830216302
E08000005,E08000005,North West,309,304,310,285,308,296,142,177,284,13.4,2.84680799552106,292.5,2.59525470695687,243,-1.29703804582121,0.479037428062171,0.859354425420634
E08000006,E08000006,North West,303,301,299,264,318,252,102,219,295,24.1,2.78560946071098,312,3.18221184049661,232,-1.4144653586116,0.898058375087605,0.741927112630237
E08000007,E08000007,North West,175,176,201,134,246,230,11,150,145,22.5,3.13626774069812,221,3.11351530921037,284,0.186816179439268,0.849016828521289,1.29703804582121
E08000008,E08000008,North West,284,278,287,253,309,271,20,222,270,21.3,2.41420944060187,310,3.05870707271538,153,-1.14758510226979,0.809889952215302,-0.101414497409889
E08000009,E08000009,North West,124,154,172,42,194,117,26,157,127,21.4,3.4071455001439,154,3.06339092202781,302,0.378969964005373,0.813233690390492,1.48919183038731
E08000010,E08000010,North West,240,240,279,241,287,197,30,94,211,16.9,3.37342106527064,170.5,2.82731362192903,297,-0.517747697303115,0.644701223186225,1.43581577911895
E08000011,E08000011,North West,323,324,324,321,321,226,64,208,318,16.9,2.90293277653779,297,2.82731362192903,253,-1.65999519444607,0.644701223186225,0.966106527957359
E08000012,E08000012,North West,321,320,320,290,322,285,37,303,317,41.7,2.44404941501651,310,3.73050112880476,163,-1.6493199841924,1.28947485800053,0.00533760512683624
E08000013,E08000013,North West,289,287,309,216,313,209,41,184,280,12.9,3.04264613334321,262,2.55722731136763,271,-1.25433720480652,0.451890172492383,1.15826031252346
E08000014,E08000014,North West,249,261,296,167,292,169,4,224,226,17.9,2.97525365008661,263.5,2.88480071284671,264,-0.677875851108202,0.685740498291028,1.08353384074776
E08000015,E08000015,North West,259,274,300,173,303,141,7,207,265,20.4,3.95411822903784,204,3.01553490085017,314,-1.09420905100143,0.779069908797464,1.61729435343138
E08000016,E08000016,Yorkshire & TH,286,276,307,315,305,228,6,63,273,7,2.58875822701893,255.5,1.94591014905531,196,-1.17961073303081,0.0154789225937358,0.357619543498028
E08000017,E08000017,Yorkshire & TH,283,273,289,306,282,277,23,172,271,5.3,2.76918593688397,253.5,1.66770682055808,229,-1.15826031252346,-0.183126760021495,0.70990148186922
E08000018,E08000018,Yorkshire & TH,273,275,294,296,285,250,35,73,267,9,2.96956686930091,265.5,2.19722457733622,263,-1.11555947150877,0.19488897440511,1.07285863049408
E08000019,E08000019,Yorkshire & TH,265,257,246,284,252,245,220,192,257,15,4.02911891790344,180.5,2.70805020110221,318,-1.00880736897205,0.559560641898849,1.65999519444607
E08000021,E08000021,North East,272,286,269,271,300,185,88,78,293,24.7,3.74486978927027,306.5,3.20680324363393,310,-1.39311493810426,0.91561385306458,1.57459351241669
E08000022,E08000022,North East,195,239,264,179,267,38,42,29,213,24.4,3.29893004115226,248,3.19458313229916,294,-0.53909811781046,0.906890076945915,1.40379014835793
E08000023,E08000023,North East,293,310,318,227,310,139,164,14,296,23,2.26915067482075,299,3.13549421592915,122,-1.42514056886528,0.864707279802365,-0.432346015273735
E08000024,E08000024,North East,288,299,312,276,314,147,43,13,279,20,2.63464576881754,306.5,2.99573227355399,205,-1.24366199455284,0.764933074659004,0.45369643578108
E08000025,E08000025,West Midlands,318,317,303,281,277,278,317,308,310,40.1,2.39173309985715,228,3.69137633431252,146,-1.57459351241669,1.26154418384475,-0.176140969185596
E08000026,E08000026,West Midlands,271,269,244,226,271,275,208,278,277,32.1,2.60110508978855,246.5,3.46885603013597,198,-1.2223115740455,1.10268987701293,0.378969964005373
E08000027,E08000027,West Midlands,215,254,265,249,213,152,36,210,236,31.9,3.35605095541401,150,3.4626060097908,295,-0.784627953644927,1.09822807001833,1.4144653586116
E08000028,E08000028,West Midlands,312,315,308,314,291,263,217,273,307,36,1.71778523489933,220,3.58351893845611,31,-1.54256788165567,1.1845462131703,-1.40379014835793
E08000029,E08000029,West Midlands,147,161,171,123,106,212,171,86,154,11.6,4.76635655016344,199,2.45100509811232,324,0.0907392871562161,0.376059537084724,1.7240464559681
E08000030,E08000030,West Midlands,292,307,295,313,257,240,109,209,298,25.9,2.97707926318727,230,3.25424296870549,265,-1.44649098937262,0.949480446364558,1.09420905100143
E08000031,E08000031,West Midlands,308,313,315,292,268,253,186,236,313,35.9,2.43326846395667,258,3.58073729549423,159,-1.60661914317771,1.18256043499065,-0.0373632358878537
E08000032,E08000032,Yorkshire & TH,306,294,283,311,284,294,89,299,272,14.3,3.06237987069719,203,2.66025953726586,273,-1.16893552277714,0.525443518048739,1.17961073303081
E08000033,E08000033,Yorkshire & TH,236,241,254,184,235,239,33,294,227,5.6,2.60679611650486,284,1.7227665977411,200,-0.688551061361875,-0.143820312139847,0.400320384512718
E08000034,E08000034,Yorkshire & TH,231,227,243,217,219,224,127,277,197,10.3,2.98280574905211,184,2.33214389523559,267,-0.3682947537517,0.291206093880738,1.11555947150877
E08000035,E08000035,Yorkshire & TH,255,231,227,238,259,257,132,284,243,13.6,3.92464106455002,152,2.61006979274201,312,-0.859354425420634,0.489613722175023,1.59594393292404
E08000036,E08000036,Yorkshire & TH,260,244,281,298,288,223,52,125,241,9.6,2.96761817065684,189,2.26176309847379,262,-0.838004004913289,0.240962172431682,1.06218342024041
E08000037,E08000037,North East,252,272,286,234,302,129,77,23,247,14.1,2.46838763364026,278,2.64617479738412,168,-0.902055266435324,0.515388608232307,0.0587136563951986
E09000002,E09000002,London,313,316,280,247,248,321,320,246,314,51.5,1.27997479887564,231,3.94158180766969,2,-1.61729435343138,1.44016256737951,-1.71337124571443
E09000003,E09000003,London,153,185,121,14,63,276,304,225,174,41.1,2.03793760751313,65,3.71600812150219,78,-0.122764917917233,1.27912849146343,-0.902055266435324
E09000004,E09000004,London,134,170,146,150,80,213,221,104,199,38.3,2.81736056559309,137,3.6454498961866,237,-0.389645174259045,1.22875790611272,0.795303163898599
E09000005,E09000005,London,257,279,208,115,155,304,322,268,281,72,1.68731077707548,215,4.27666611901606,27,-1.26501241506019,1.6793748325529,-1.44649098937262
E09000006,E09000006,London,117,136,117,51,55,251,247,130,159,20.6,3.1031560490941,86,3.02529107579554,278,0.0373632358878537,0.786034713263335,1.23298678429917
E09000007,E09000007,London,241,259,191,45,187,290,194,322,292,101.1,2.41743434621202,292.5,4.61611012602643,155,-1.38243972785059,1.92169942689223,-0.0800640769025436
E09000008,E09000008,London,229,235,192,105,170,303,306,226,255,42,2.49453998934632,233,3.73766961828337,175,-0.987456948464704,1.29459234798137,0.133440128170906
E09000009,E09000009,London,226,246,177,66,180,299,307,265,253,61,2.11315670555156,172,4.11087386417331,95,-0.966106527957359,1.5610179310621,-0.720576692122892
E09000010,E09000010,London,261,300,237,181,136,302,309,234,312,38.7,2.41101181708076,115,3.65583960003574,151,-1.59594393292404,1.23617497849742,-0.122764917917233
E09000011,E09000011,London,247,280,228,121,214,300,282,230,286,53.8,1.98512052956855,192,3.98527346716774,67,-1.31838846632855,1.47135346615874,-1.01948257922572
E09000012,E09000012,London,314,312,268,127,264,320,319,321,315,129.2,1.43526615969582,287,4.8613615913485,7,-1.62796956368505,2.09678120950706,-1.65999519444607
E09000013,E09000013,London,233,250,179,19,226,286,248,320,288,111.2,2.04052032520325,282,4.71133038181648,79,-1.3397388868359,1.98967591014329,-0.891380056181652
E09000014,E09000014,London,295,298,247,151,207,317,315,306,301,86.2,2.03046462252506,270,4.45667017766965,77,-1.47851662013364,1.80787735312128,-0.912730476688997
E09000015,E09000015,London,106,172,102,18,54,232,251,123,163,47.4,1.9913648087922,81,3.85862222870103,69,-0.00533760512683624,1.38093881941236,-0.998132158718376
E09000016,E09000016,London,158,183,160,199,125,260,135,84,210,21.1,2.31264039207678,140,3.04927304048202,135,-0.507072487049443,0.803155121177725,-0.293568281975993
E09000017,E09000017,London,163,189,126,122,150,280,229,141,223,23.7,2.82238236540907,210.5,3.16547504814109,238,-0.645850220347185,0.886110200029767,0.805978374152272
E09000018,E09000018,London,208,213,139,93,164,293,318,247,238,45.4,1.71497007869069,183,3.8155121050473,30,-0.805978374152272,1.35016307139337,-1.4144653586116
E09000019,E09000019,London,301,306,256,86,265,322,300,319,322,138.7,1.61708522025525,313,4.93231332732079,22,-1.70269603546076,2.14743271691939,-1.49986704064098
E09000020,E09000020,London,221,188,134,4,42,279,308,324,173,130.8,2.61744456008326,236,4.8736694390231,202,-0.112089707663561,2.10556761944019,0.421670805020063
E09000021,E09000021,London,49,73,29,10,21,166,189,241,86,43,2.14508954473369,51,3.76120011569356,101,0.816653584405944,1.31139045936872,-0.656525430600857
E09000022,E09000022,London,281,283,214,48,218,324,296,318,309,113,1.74981735052202,314,4.72738781871234,34,-1.56391830216302,2.00113910230917,-1.37176451759691
E09000023,E09000023,London,277,289,245,96,222,311,301,300,306,78.5,1.8233676975945,273,4.36309862478836,41,-1.531892671402,1.74107785710613,-1.29703804582121
E09000024,E09000024,London,112,145,80,34,77,243,121,257,164,53.1,2.96742752714373,151,3.97217692824789,261,-0.0160128153805087,1.46200401996009,1.05150820998674
E09000025,E09000025,London,302,305,234,182,232,323,324,289,302,85,1.37787520593452,245,4.44265125649032,4,-1.48919183038731,1.79786943040738,-1.69202082520709
E09000026,E09000026,London,187,220,154,52,123,298,292,220,198,49.5,1.8416805989678,119.5,3.90197266957465,46,-0.378969964005373,1.41188612672131,-1.24366199455284
E09000027,E09000027,London,33,33,17,1,5,219,126,263,28,32.6,2.01116708648195,12,3.48431228837266,72,1.43581577911895,1.11372389567244,-0.966106527957359
E09000028,E09000028,London,285,288,224,67,230,319,302,314,308,99.9,1.81730561749263,304,4.60416968565451,40,-1.55324309190935,1.91317530418097,-1.30771325607488
E09000029,E09000029,London,110,134,110,58,114,234,128,174,146,43.4,2.57251067346096,177.5,3.77045944110636,190,0.176140969185596,1.31800056951405,0.293568281975993
E09000030,E09000030,London,315,319,249,158,269,312,321,311,324,128.5,1.65266424956427,260,4.85592890433528,23,-1.7240464559681,2.09290288598547,-1.48919183038731
E09000031,E09000031,London,290,285,226,156,211,318,323,298,290,66.5,1.47324733949986,202,4.19720194766181,9,-1.36108930734324,1.62264640992578,-1.63864477393873
E09000032,E09000032,London,167,171,89,9,131,281,241,307,222,89.6,2.0429933519944,194,4.49535531998088,80,-0.635175010093512,1.83549416539054,-0.880704845927979
E09000033,E09000033,London,268,256,176,16,138,283,316,323,300,102.2,2.09336270587001,276,4.6269316777696,89,-1.46784140987997,1.92942478978605,-0.784627953644927
